<?xml version="1.0" encoding="UTF-8"?>
<project-private xmlns="http://www.netbeans.org/ns/project-private/1">
    <editor-bookmarks xmlns="http://www.netbeans.org/ns/editor-bookmarks/2" lastBookmarkId="0"/>
    <open-files xmlns="http://www.netbeans.org/ns/projectui-open-files/2">
        <group>
            <file>file:/C:/Users/CHINMAY/OneDrive/Documents/NetBeansProjects/Hospital/web/DashBoard.jsp</file>
            <file>file:/C:/Users/CHINMAY/OneDrive/Documents/NetBeansProjects/Hospital/src/java/restock/restockup.java</file>
            <file>file:/C:/Users/CHINMAY/OneDrive/Documents/NetBeansProjects/Hospital/web/InventoryManagementUpdate.jsp</file>
            <file>file:/C:/Users/CHINMAY/OneDrive/Documents/NetBeansProjects/Hospital/src/java/Role/Role.java</file>
            <file>file:/C:/Users/CHINMAY/OneDrive/Documents/NetBeansProjects/Hospital/web/DeliveryStaffupdate.jsp</file>
            <file>file:/C:/Users/CHINMAY/OneDrive/Documents/NetBeansProjects/Hospital/src/java/restock/restock.java</file>
            <file>file:/C:/Users/CHINMAY/OneDrive/Documents/NetBeansProjects/Hospital/web/Logout.jsp</file>
            <file>file:/C:/Users/CHINMAY/OneDrive/Documents/NetBeansProjects/Hospital/src/java/deliverydetails/delivery.java</file>
            <file>file:/C:/Users/CHINMAY/OneDrive/Documents/NetBeansProjects/Hospital/web/InventoryManagementdetails.jsp</file>
            <file>file:/C:/Users/CHINMAY/OneDrive/Documents/NetBeansProjects/Hospital/web/Restockadd.jsp</file>
            <file>file:/C:/Users/CHINMAY/OneDrive/Documents/NetBeansProjects/Hospital/src/java/superadmin/superadmin.java</file>
            <file>file:/C:/Users/CHINMAY/OneDrive/Documents/NetBeansProjects/Hospital/web/InventoryManagementDelete.jsp</file>
            <file>file:/C:/Users/CHINMAY/OneDrive/Documents/NetBeansProjects/Hospital/web/Restockdelete.jsp</file>
            <file>file:/C:/Users/CHINMAY/OneDrive/Documents/NetBeansProjects/Hospital/web/index.jsp</file>
            <file>file:/C:/Users/CHINMAY/OneDrive/Documents/NetBeansProjects/Hospital/src/java/Role/Roleup.java</file>
            <file>file:/C:/Users/CHINMAY/OneDrive/Documents/NetBeansProjects/Hospital/web/Roleassignadd.jsp</file>
            <file>file:/C:/Users/CHINMAY/OneDrive/Documents/NetBeansProjects/Hospital/web/Inventorydelete.jsp</file>
            <file>file:/C:/Users/CHINMAY/OneDrive/Documents/NetBeansProjects/Hospital/web/Restockdetails.jsp</file>
            <file>file:/C:/Users/CHINMAY/OneDrive/Documents/NetBeansProjects/Hospital/web/Invoiceadd.jsp</file>
            <file>file:/C:/Users/CHINMAY/OneDrive/Documents/NetBeansProjects/Hospital/web/Roleassignupdate.jsp</file>
            <file>file:/C:/Users/CHINMAY/OneDrive/Documents/NetBeansProjects/Hospital/src/java/superadmin/superadminup.java</file>
            <file>file:/C:/Users/CHINMAY/OneDrive/Documents/NetBeansProjects/Hospital/web/InventoryManagementLevel.jsp</file>
            <file>file:/C:/Users/CHINMAY/OneDrive/Documents/NetBeansProjects/Hospital/web/superadminupdate.jsp</file>
            <file>file:/C:/Users/CHINMAY/OneDrive/Documents/NetBeansProjects/Hospital/web/Roleassigndetails.jsp</file>
        </group>
    </open-files>
</project-private>
